filename,category
10005171.pdf,DIGITAL-MEDIA
10062724.pdf,HEALTHCARE
10076271.pdf,HEALTHCARE
10186968.pdf,ADVOCATE
10251432.pdf,HEALTHCARE
10329506.pdf,BANKING
10344379.pdf,ADVOCATE
10466208.pdf,HEALTHCARE
10480456.pdf,HEALTHCARE
10515955.pdf,DIGITAL-MEDIA
10554236.pdf,ACCOUNTANT
10568183.pdf,HEALTHCARE
10659182.pdf,TEACHER
10674770.pdf,ACCOUNTANT
10818478.pdf,FITNESS
10909673.pdf,BANKING
11005406.pdf,FITNESS
11065180.pdf,FITNESS
11163645.pdf,ACCOUNTANT
11174187.pdf,ADVOCATE
11188218.pdf,ADVOCATE
11262933.pdf,BANKING
11266906.pdf,FITNESS
11270462.pdf,FITNESS
11378657.pdf,HEALTHCARE
11605833.pdf,AVIATION
11637468.pdf,BANKING
11653906.pdf,HEALTHCARE
11672279.pdf,BANKING
11677012.pdf,DIGITAL-MEDIA
11704150.pdf,HEALTHCARE
11759079.pdf,ACCOUNTANT
11773767.pdf,ADVOCATE
11773925.pdf,SALES
11842348.pdf,BANKING
11963737.pdf,ADVOCATE
12065211.pdf,ACCOUNTANT
12085736.pdf,DIGITAL-MEDIA
12171093.pdf,ADVOCATE
12202337.pdf,ACCOUNTANT
12338274.pdf,ACCOUNTANT
12442909.pdf,ACCOUNTANT
12544735.pdf,ADVOCATE
12780508.pdf,ACCOUNTANT
12802330.pdf,ACCOUNTANT
13328680.pdf,DIGITAL-MEDIA
13343786.pdf,ARTS
13503650.pdf,HEALTHCARE
13837784.pdf,DIGITAL-MEDIA
3547447.pdf,BANKING
